-- phpMyAdmin SQL Dump
-- version 4.0.3
-- http://www.phpmyadmin.net
--
-- Хост: localhost
-- Час створення: Лис 12 2013 р., 18:53
-- Версія сервера: 5.5.23
-- Версія PHP: 5.3.26

SET SQL_MODE = "NO_AUTO_VALUE_ON_ZERO";
SET time_zone = "+00:00";


/*!40101 SET @OLD_CHARACTER_SET_CLIENT=@@CHARACTER_SET_CLIENT */;
/*!40101 SET @OLD_CHARACTER_SET_RESULTS=@@CHARACTER_SET_RESULTS */;
/*!40101 SET @OLD_COLLATION_CONNECTION=@@COLLATION_CONNECTION */;
/*!40101 SET NAMES utf8 */;

--
-- База даних: `project_bd`
--
CREATE DATABASE IF NOT EXISTS `project_bd` DEFAULT CHARACTER SET latin1 COLLATE latin1_swedish_ci;
USE `project_bd`;

-- --------------------------------------------------------

--
-- Структура таблиці `grades`
--

CREATE TABLE IF NOT EXISTS `grades` (
  `group_module_id` int(10) DEFAULT NULL,
  `student_id` int(10) DEFAULT NULL,
  `grade` char(2) DEFAULT NULL,
  KEY `grades_fk1` (`group_module_id`),
  KEY `grades_fk2` (`student_id`)
) ENGINE=InnoDB DEFAULT CHARSET=utf8;

--
-- Дамп даних таблиці `grades`
--

INSERT INTO `grades` (`group_module_id`, `student_id`, `grade`) VALUES
(1, 1, '5B'),
(2, 1, '5A'),
(56, 1, '5A'),
(3, 1, '5A'),
(57, 1, '5A'),
(4, 1, '5B'),
(5, 1, '5B'),
(54, 1, '5B'),
(6, 1, '5B'),
(7, 1, '4C'),
(58, 1, '5B'),
(8, 1, '5A'),
(9, 1, '5B'),
(10, 1, '5A'),
(77, 1, '5A'),
(11, 1, '5B'),
(12, 1, '5B'),
(13, 1, '5B'),
(59, 1, '5B'),
(14, 1, '5B'),
(15, 1, '5B'),
(60, 1, '5B'),
(16, 1, '5B'),
(17, 1, '4C'),
(55, 1, '5B'),
(18, 1, '5B'),
(19, 1, '5B'),
(61, 1, '5B'),
(20, 1, '4B'),
(21, 1, '4B'),
(22, 1, '5B'),
(62, 1, '4B'),
(23, 1, '5B'),
(24, 1, '5B'),
(63, 1, '5B'),
(25, 1, '5B'),
(26, 1, '5B'),
(64, 1, '5B'),
(27, 1, '4C'),
(28, 1, '5B'),
(29, 1, '5A'),
(65, 1, '5B'),
(30, 1, '4C'),
(31, 1, '3D'),
(66, 1, '4C'),
(32, 1, '3D'),
(33, 1, '4C'),
(67, 1, '4C'),
(34, 1, '5A'),
(35, 1, '5A'),
(68, 1, '5A'),
(36, 1, '4B'),
(37, 1, '3D'),
(69, 1, '4C'),
(38, 1, '5A'),
(39, 1, '5B'),
(70, 1, '5B'),
(40, 1, '4C'),
(41, 1, '4C'),
(42, 1, '5A'),
(71, 1, '4C'),
(43, 1, '5B'),
(44, 1, '5A'),
(72, 1, '5B'),
(45, 1, '5B'),
(46, 1, '5B'),
(47, 1, '5A'),
(73, 1, '5B'),
(48, 1, '5A'),
(49, 1, '5B'),
(74, 1, '5B'),
(50, 1, '5B'),
(51, 1, '5B'),
(75, 1, '5B'),
(52, 1, '5B'),
(53, 1, '5B'),
(76, 1, '5B'),
(1, 2, '4C'),
(2, 2, '4C'),
(3, 2, '4B'),
(4, 2, '4C'),
(5, 2, '3E'),
(6, 2, '5A'),
(7, 2, '3D'),
(8, 2, '5A'),
(9, 2, '4B'),
(10, 2, '3D'),
(11, 2, '4B'),
(12, 2, '3E'),
(13, 2, '3D'),
(14, 2, '5A'),
(15, 2, '4C'),
(16, 2, '4B'),
(17, 2, '5B'),
(18, 2, '3E'),
(19, 2, '3D'),
(20, 2, '4B'),
(21, 2, '5A'),
(22, 2, '4C'),
(23, 2, '3E'),
(24, 2, '4C'),
(25, 2, '3E'),
(26, 2, '5B'),
(27, 2, '5A'),
(28, 2, '5A'),
(29, 2, '5A'),
(30, 2, '4C'),
(31, 2, '4B'),
(32, 2, '3E'),
(33, 2, '5A'),
(34, 2, '3E'),
(35, 2, '3E'),
(36, 2, '4B'),
(37, 2, '3D'),
(38, 2, '5A'),
(39, 2, '4C'),
(40, 2, '3E'),
(41, 2, '4C'),
(42, 2, '4C'),
(43, 2, '5A'),
(44, 2, '3D'),
(45, 2, '5A'),
(46, 2, '3E'),
(47, 2, '5A'),
(48, 2, '3E'),
(49, 2, '3E'),
(50, 2, '4C'),
(51, 2, '3D'),
(52, 2, '3E'),
(53, 2, '3D'),
(54, 2, '4B'),
(55, 2, '3D'),
(56, 2, '4C'),
(57, 2, '3D'),
(58, 2, '3D'),
(59, 2, '3D'),
(60, 2, '4C'),
(61, 2, '3E'),
(62, 2, '5B'),
(63, 2, '4C'),
(64, 2, '5B'),
(65, 2, '3E'),
(66, 2, '4C'),
(67, 2, '4C'),
(68, 2, '3E'),
(69, 2, '3E'),
(70, 2, '5B'),
(71, 2, '4B'),
(72, 2, '3E'),
(73, 2, '5A'),
(74, 2, '4B'),
(75, 2, '3D'),
(76, 2, '4B'),
(77, 2, '3D'),
(4, 3, '5A'),
(5, 3, '5A'),
(54, 3, '5A'),
(1, 3, '5A'),
(2, 3, '5B'),
(56, 3, '5B'),
(3, 3, '5B'),
(57, 3, '5B'),
(11, 3, '5B'),
(12, 3, '5B'),
(13, 3, '5B'),
(59, 3, '5B'),
(6, 3, '4C'),
(7, 3, '4C'),
(58, 3, '4C'),
(8, 3, '5B'),
(9, 3, '5B'),
(10, 3, '5A'),
(77, 3, '5B'),
(14, 3, '5B'),
(15, 3, '5B'),
(60, 3, '5B'),
(16, 3, '5B'),
(17, 3, '5B'),
(55, 3, '5B'),
(20, 3, '5A'),
(21, 3, '5A'),
(22, 3, '5A'),
(62, 3, '5A'),
(18, 3, '5B'),
(19, 3, '5B'),
(61, 3, '5B'),
(23, 3, '4C'),
(24, 3, '5B'),
(63, 3, '5B'),
(27, 3, '5A'),
(28, 3, '5B'),
(29, 3, '5A'),
(65, 3, '5A'),
(25, 3, '5B'),
(26, 3, '5B'),
(64, 3, '5B'),
(32, 3, '5B'),
(33, 3, '5A'),
(67, 3, '5A'),
(30, 3, '5A'),
(31, 3, '5A'),
(66, 3, '5A'),
(34, 3, '5A'),
(35, 3, '5A'),
(68, 3, '5A'),
(38, 3, '5A'),
(39, 3, '5B'),
(70, 3, '5B'),
(36, 3, '5A'),
(37, 3, '5A'),
(69, 3, '5A'),
(40, 3, '5A'),
(41, 3, '5B'),
(42, 3, '5A'),
(71, 3, '5A'),
(43, 3, '5B'),
(44, 3, '5A'),
(72, 3, '5A'),
(45, 3, '5B'),
(46, 3, '5A'),
(47, 3, '5A'),
(73, 3, '5A'),
(52, 3, '5B'),
(53, 3, '5A'),
(76, 3, '5B'),
(48, 3, '5A'),
(49, 3, '5A'),
(74, 3, '5A'),
(50, 3, '5A'),
(51, 3, '5A'),
(75, 3, '5A'),
(1, 4, '3E'),
(2, 4, '3E'),
(3, 4, '4B'),
(4, 4, '5B'),
(5, 4, '5B'),
(6, 4, '5A'),
(7, 4, '5A'),
(8, 4, '3D'),
(9, 4, '3D'),
(10, 4, '4B'),
(11, 4, '3E'),
(12, 4, '3D'),
(13, 4, '3E'),
(14, 4, '4B'),
(15, 4, '3E'),
(16, 4, '4C'),
(17, 4, '3D'),
(18, 4, '3D'),
(19, 4, '4C'),
(20, 4, '4B'),
(21, 4, '5A'),
(22, 4, '4B'),
(23, 4, '4C'),
(24, 4, '5A'),
(25, 4, '4B'),
(26, 4, '3D'),
(27, 4, '4B'),
(28, 4, '3E'),
(29, 4, '3E'),
(30, 4, '5B'),
(31, 4, '5A'),
(32, 4, '5A'),
(33, 4, '5A'),
(34, 4, '3E'),
(35, 4, '5A'),
(36, 4, '4B'),
(37, 4, '4C'),
(38, 4, '5B'),
(39, 4, '3E'),
(40, 4, '3E'),
(41, 4, '5A'),
(42, 4, '3D'),
(43, 4, '3E'),
(44, 4, '3E'),
(45, 4, '4B'),
(46, 4, '4B'),
(47, 4, '4B'),
(48, 4, '4C'),
(49, 4, '5B'),
(50, 4, '3E'),
(51, 4, '5A'),
(52, 4, '4C'),
(53, 4, '4C'),
(54, 4, '4C'),
(55, 4, '5B'),
(56, 4, '3D'),
(57, 4, '5B'),
(58, 4, '4B'),
(59, 4, '5B'),
(60, 4, '3D'),
(61, 4, '3D'),
(62, 4, '4C'),
(63, 4, '4C'),
(64, 4, '3D'),
(65, 4, '4B'),
(66, 4, '3E'),
(67, 4, '5A'),
(68, 4, '3E'),
(69, 4, '3E'),
(70, 4, '4B'),
(71, 4, '4C'),
(72, 4, '3D'),
(73, 4, '5A'),
(74, 4, '3E'),
(75, 4, '5B'),
(76, 4, '4B'),
(77, 4, '5B'),
(1, 5, '5B'),
(2, 5, '4B'),
(3, 5, '5B'),
(4, 5, '5A'),
(5, 5, '3D'),
(6, 5, '4C'),
(7, 5, '3E'),
(8, 5, '4C'),
(9, 5, '5B'),
(10, 5, '3D'),
(11, 5, '5B'),
(12, 5, '5B'),
(13, 5, '5B'),
(14, 5, '5B'),
(15, 5, '5A'),
(16, 5, '5B'),
(17, 5, '5B'),
(18, 5, '3E'),
(19, 5, '4C'),
(20, 5, '3D'),
(21, 5, '4B'),
(22, 5, '5B'),
(23, 5, '4B'),
(24, 5, '3D'),
(25, 5, '3E'),
(26, 5, '5A'),
(27, 5, '5A'),
(28, 5, '5B'),
(29, 5, '4B'),
(30, 5, '5B'),
(31, 5, '4B'),
(32, 5, '3E'),
(33, 5, '3E'),
(34, 5, '5B'),
(35, 5, '4C'),
(36, 5, '5B'),
(37, 5, '5A'),
(38, 5, '4B'),
(39, 5, '4B'),
(40, 5, '3E'),
(41, 5, '3E'),
(42, 5, '5A'),
(43, 5, '5B'),
(44, 5, '3D'),
(45, 5, '5A'),
(46, 5, '3D'),
(47, 5, '5B'),
(48, 5, '3D'),
(49, 5, '5A'),
(50, 5, '4B'),
(51, 5, '5B'),
(52, 5, '5B'),
(53, 5, '4C'),
(54, 5, '4B'),
(55, 5, '5B'),
(56, 5, '4B'),
(57, 5, '4B'),
(58, 5, '3E'),
(59, 5, '5A'),
(60, 5, '4C'),
(61, 5, '4C'),
(62, 5, '4B'),
(63, 5, '5A'),
(64, 5, '4B'),
(65, 5, '3E'),
(66, 5, '4C'),
(67, 5, '3D'),
(68, 5, '4C'),
(69, 5, '3D'),
(70, 5, '4B'),
(71, 5, '4B'),
(72, 5, '4B'),
(73, 5, '5B'),
(74, 5, '3E'),
(75, 5, '5A'),
(76, 5, '3E'),
(77, 5, '4B'),
(1, 6, '4C'),
(2, 6, '4B'),
(56, 6, '4C'),
(3, 6, '5A'),
(57, 6, '5A'),
(4, 6, '5B'),
(5, 6, '5B'),
(54, 6, '5B'),
(6, 6, '5B'),
(7, 6, '4C'),
(58, 6, '5B'),
(8, 6, '4C'),
(9, 6, '4B'),
(77, 6, '4C'),
(11, 6, '5B'),
(12, 6, '5B'),
(59, 6, '5B'),
(14, 6, '4C'),
(15, 6, '4C'),
(60, 6, '4C'),
(18, 6, '5B'),
(19, 6, '5B'),
(61, 6, '5B'),
(16, 6, '3D'),
(17, 6, '3D'),
(55, 6, '3D'),
(20, 6, '3D'),
(21, 6, '3E'),
(22, 6, '3D'),
(62, 6, '4C'),
(25, 6, '5B'),
(26, 6, '5B'),
(64, 6, '5B'),
(23, 6, '5B'),
(24, 6, '5B'),
(63, 6, '5B'),
(32, 6, '4C'),
(33, 6, '4B'),
(67, 6, '4C'),
(27, 6, '3D'),
(28, 6, '3E'),
(29, 6, '3D'),
(65, 6, '5B'),
(30, 6, '4C'),
(31, 6, '4C'),
(66, 6, '3D'),
(34, 6, '5A'),
(35, 6, '5A'),
(68, 6, '5A'),
(36, 6, '4C'),
(37, 6, '4C'),
(68, 6, '3D'),
(38, 6, '4C'),
(39, 6, '4C'),
(70, 6, '4C'),
(40, 6, '4C'),
(41, 6, '4B'),
(42, 6, '4C'),
(71, 6, '5A'),
(43, 6, '5B'),
(44, 6, '5B'),
(72, 6, '5B'),
(45, 6, '5B'),
(46, 6, '5B'),
(47, 6, '5B'),
(73, 6, '4C'),
(50, 6, '5A'),
(51, 6, '5A'),
(75, 6, '5A'),
(48, 6, '4C'),
(49, 6, '4C'),
(74, 6, '4C'),
(1, 7, '3D'),
(2, 7, '5A'),
(3, 7, '3E'),
(4, 7, '3D'),
(5, 7, '3D'),
(6, 7, '4C'),
(7, 7, '3D'),
(8, 7, '5A'),
(9, 7, '3D'),
(10, 7, '3E'),
(11, 7, '3D'),
(12, 7, '3E'),
(13, 7, '5A'),
(14, 7, '3E'),
(15, 7, '5B'),
(16, 7, '5A'),
(17, 7, '5A'),
(18, 7, '4C'),
(19, 7, '3D'),
(20, 7, '3D'),
(21, 7, '4C'),
(22, 7, '5B'),
(23, 7, '4C'),
(24, 7, '4B'),
(25, 7, '4C'),
(26, 7, '5B'),
(27, 7, '5B'),
(28, 7, '4B'),
(29, 7, '5B'),
(30, 7, '4B'),
(31, 7, '4B'),
(32, 7, '3D'),
(33, 7, '4C'),
(34, 7, '4B'),
(35, 7, '3E'),
(36, 7, '5B'),
(37, 7, '5B'),
(38, 7, '3E'),
(39, 7, '3D'),
(40, 7, '3D'),
(41, 7, '3D'),
(42, 7, '3D'),
(43, 7, '4B'),
(44, 7, '3D'),
(45, 7, '5B'),
(46, 7, '4C'),
(47, 7, '4C'),
(48, 7, '3E'),
(49, 7, '4C'),
(50, 7, '3D'),
(51, 7, '5A'),
(52, 7, '4B'),
(53, 7, '4B'),
(54, 7, '5B'),
(55, 7, '4B'),
(56, 7, '5B'),
(57, 7, '4B'),
(58, 7, '3E'),
(59, 7, '5A'),
(60, 7, '5B'),
(61, 7, '3D'),
(62, 7, '3D'),
(63, 7, '5B'),
(64, 7, '3E'),
(65, 7, '3E'),
(66, 7, '5A'),
(67, 7, '5A'),
(68, 7, '5B'),
(69, 7, '3E'),
(70, 7, '3D'),
(71, 7, '5B'),
(72, 7, '4B'),
(73, 7, '4C'),
(74, 7, '4B'),
(75, 7, '3E'),
(76, 7, '5B'),
(77, 7, '5B'),
(1, 8, '4B'),
(2, 8, '5A'),
(3, 8, '5A'),
(4, 8, '4C'),
(5, 8, '5A'),
(6, 8, '5B'),
(7, 8, '5A'),
(8, 8, '5B'),
(9, 8, '5A'),
(10, 8, '5B'),
(11, 8, '3D'),
(12, 8, '5A'),
(13, 8, '3D'),
(14, 8, '5B'),
(15, 8, '5B'),
(16, 8, '5A'),
(17, 8, '4B'),
(18, 8, '5A'),
(19, 8, '4C'),
(20, 8, '5A'),
(21, 8, '5B'),
(22, 8, '4C'),
(23, 8, '4C'),
(24, 8, '5B'),
(25, 8, '4C'),
(26, 8, '4B'),
(27, 8, '4B'),
(28, 8, '5B'),
(29, 8, '4B'),
(30, 8, '4C'),
(31, 8, '5A'),
(32, 8, '3E'),
(33, 8, '3E'),
(34, 8, '4C'),
(35, 8, '4C'),
(36, 8, '5B'),
(37, 8, '3E'),
(38, 8, '5B'),
(39, 8, '3D'),
(40, 8, '5A'),
(41, 8, '3E'),
(42, 8, '3E'),
(43, 8, '5A'),
(44, 8, '4B'),
(45, 8, '3D'),
(46, 8, '5A'),
(47, 8, '3D'),
(48, 8, '5B'),
(49, 8, '3E'),
(50, 8, '4B'),
(51, 8, '3E'),
(52, 8, '4C'),
(53, 8, '3E'),
(54, 8, '3E'),
(55, 8, '5B'),
(56, 8, '3E'),
(57, 8, '5A'),
(58, 8, '5B'),
(59, 8, '4B'),
(60, 8, '4C'),
(61, 8, '4B'),
(62, 8, '5A'),
(63, 8, '5B'),
(64, 8, '5B'),
(65, 8, '4C'),
(66, 8, '4C'),
(67, 8, '3E'),
(68, 8, '3E'),
(69, 8, '4B'),
(70, 8, '5A'),
(71, 8, '4B'),
(72, 8, '5B'),
(73, 8, '5B'),
(74, 8, '5A'),
(75, 8, '3D'),
(76, 8, '5B'),
(77, 8, '4C'),
(78, 111, '3E'),
(79, 111, '3E'),
(80, 111, '3D'),
(81, 111, '3D'),
(82, 111, '3E'),
(83, 111, '3D'),
(84, 111, '5A'),
(85, 111, '5A'),
(86, 111, '3D'),
(87, 111, '4B'),
(88, 111, '3E'),
(89, 111, '3E'),
(90, 111, '5B'),
(91, 111, '4C'),
(92, 111, '5B'),
(93, 111, '3E'),
(94, 111, '5B'),
(95, 111, '4B'),
(96, 111, '4C'),
(97, 111, '5A'),
(98, 111, '4C'),
(99, 111, '5A'),
(100, 111, '4B'),
(101, 111, '4C'),
(102, 111, '3D'),
(103, 111, '3D'),
(104, 111, '4C'),
(105, 111, '4B'),
(106, 111, '4B'),
(107, 111, '3E'),
(108, 111, '3E'),
(109, 111, '5A'),
(110, 111, '3E'),
(111, 111, '5A'),
(112, 111, '4C'),
(113, 111, '3D'),
(114, 111, '3E'),
(115, 111, '5B'),
(116, 111, '5B'),
(117, 111, '5A'),
(118, 111, '3E'),
(119, 111, '4C'),
(120, 111, '4B'),
(121, 111, '4C'),
(122, 111, '4C'),
(123, 111, '4B'),
(124, 111, '4C'),
(125, 111, '5B'),
(126, 111, '3E'),
(127, 111, '3D'),
(128, 111, '3E'),
(129, 111, '4B'),
(130, 111, '3D'),
(131, 111, '4C'),
(132, 111, '4C'),
(133, 111, '5B'),
(134, 111, '3E'),
(135, 111, '4C'),
(136, 111, '5B'),
(137, 111, '3D'),
(138, 111, '3D'),
(139, 111, '3E'),
(140, 111, '4B'),
(141, 111, '5A'),
(78, 112, '5A'),
(79, 112, '3D'),
(80, 112, '3D'),
(81, 112, '4B'),
(82, 112, '3D'),
(83, 112, '3D'),
(84, 112, '4B'),
(85, 112, '4C'),
(86, 112, '4B'),
(87, 112, '4C'),
(88, 112, '3D'),
(89, 112, '4B'),
(90, 112, '5A'),
(91, 112, '4C'),
(92, 112, '4C'),
(93, 112, '4B'),
(94, 112, '4C'),
(95, 112, '3E'),
(96, 112, '5A'),
(97, 112, '3D'),
(98, 112, '5A'),
(99, 112, '4B'),
(100, 112, '3D'),
(101, 112, '4B'),
(102, 112, '3E'),
(103, 112, '3D'),
(104, 112, '5A'),
(105, 112, '4C'),
(106, 112, '4B'),
(107, 112, '5B'),
(108, 112, '3E'),
(109, 112, '3D'),
(110, 112, '4B'),
(111, 112, '5A'),
(112, 112, '4C'),
(113, 112, '3E'),
(114, 112, '4C'),
(115, 112, '3E'),
(116, 112, '5B'),
(117, 112, '5A'),
(118, 112, '5A'),
(119, 112, '5A'),
(120, 112, '4C'),
(121, 112, '4B'),
(122, 112, '3E'),
(123, 112, '5A'),
(124, 112, '3E'),
(125, 112, '3E'),
(126, 112, '4B'),
(127, 112, '3D'),
(128, 112, '5A'),
(129, 112, '4C'),
(130, 112, '3E'),
(131, 112, '4C'),
(132, 112, '4C'),
(133, 112, '5A'),
(134, 112, '3D'),
(135, 112, '5A'),
(136, 112, '3E'),
(137, 112, '5A'),
(138, 112, '3E'),
(139, 112, '3E'),
(140, 112, '4C'),
(141, 112, '3D'),
(78, 113, '3E'),
(79, 113, '3D'),
(80, 113, '4B'),
(81, 113, '3D'),
(82, 113, '4C'),
(83, 113, '3D'),
(84, 113, '3D'),
(85, 113, '3D'),
(86, 113, '4C'),
(87, 113, '3E'),
(88, 113, '5B'),
(89, 113, '4C'),
(90, 113, '5B'),
(91, 113, '3E'),
(92, 113, '4C'),
(93, 113, '4C'),
(94, 113, '3E'),
(95, 113, '3E'),
(96, 113, '5B'),
(97, 113, '4B'),
(98, 113, '3E'),
(99, 113, '5A'),
(100, 113, '4B'),
(101, 113, '3D'),
(102, 113, '4B'),
(103, 113, '3D'),
(104, 113, '4C'),
(105, 113, '4B'),
(106, 113, '5A'),
(107, 113, '3E'),
(108, 113, '5A'),
(109, 113, '3E'),
(110, 113, '3D'),
(111, 113, '3E'),
(112, 113, '5A'),
(113, 113, '3E'),
(114, 113, '4B'),
(115, 113, '4C'),
(116, 113, '5B'),
(117, 113, '4C'),
(118, 113, '4B'),
(119, 113, '4B'),
(120, 113, '5B'),
(121, 113, '4B'),
(122, 113, '4B'),
(123, 113, '3D'),
(124, 113, '5A'),
(125, 113, '4C'),
(126, 113, '5A'),
(127, 113, '4C'),
(128, 113, '5A'),
(129, 113, '3D'),
(130, 113, '5B'),
(131, 113, '5A'),
(132, 113, '3E'),
(133, 113, '5B'),
(134, 113, '5A'),
(135, 113, '4B'),
(136, 113, '5A'),
(137, 113, '4B'),
(138, 113, '5B'),
(139, 113, '3E'),
(140, 113, '4B'),
(141, 113, '5B'),
(78, 114, '5A'),
(79, 114, '5B'),
(80, 114, '3E'),
(81, 114, '4C'),
(82, 114, '5A'),
(83, 114, '3E'),
(84, 114, '5B'),
(85, 114, '3D'),
(86, 114, '3E'),
(87, 114, '4B'),
(88, 114, '3E'),
(89, 114, '4C'),
(90, 114, '4B'),
(91, 114, '3E'),
(92, 114, '5B'),
(93, 114, '4B'),
(94, 114, '3D'),
(95, 114, '4C'),
(96, 114, '4B'),
(97, 114, '3D'),
(98, 114, '5A'),
(99, 114, '3E'),
(100, 114, '5B'),
(101, 114, '4B'),
(102, 114, '4C'),
(103, 114, '5B'),
(104, 114, '4C'),
(105, 114, '4C'),
(106, 114, '5B'),
(107, 114, '4C'),
(108, 114, '3D'),
(109, 114, '3E'),
(110, 114, '4B'),
(111, 114, '5A'),
(112, 114, '5A'),
(113, 114, '5A'),
(114, 114, '5A'),
(115, 114, '4B'),
(116, 114, '4B'),
(117, 114, '3E'),
(118, 114, '3E'),
(119, 114, '4B'),
(120, 114, '5B'),
(121, 114, '5B'),
(122, 114, '5A'),
(123, 114, '5A'),
(124, 114, '3D'),
(125, 114, '3D'),
(126, 114, '4B'),
(127, 114, '3E'),
(128, 114, '3D'),
(129, 114, '3E'),
(130, 114, '4B'),
(131, 114, '3E'),
(132, 114, '4C'),
(133, 114, '3D'),
(134, 114, '3D'),
(135, 114, '4C'),
(136, 114, '4B'),
(137, 114, '5A'),
(138, 114, '4B'),
(139, 114, '4C'),
(140, 114, '5A'),
(141, 114, '4B'),
(78, 115, '3D'),
(79, 115, '4B'),
(80, 115, '3E'),
(81, 115, '3E'),
(82, 115, '5B'),
(83, 115, '5A'),
(84, 115, '5A'),
(85, 115, '5A'),
(86, 115, '3E'),
(87, 115, '5A'),
(88, 115, '4B'),
(89, 115, '4C'),
(90, 115, '5B'),
(91, 115, '3E'),
(92, 115, '3E'),
(93, 115, '5A'),
(94, 115, '3D'),
(95, 115, '3E'),
(96, 115, '3E'),
(97, 115, '4B'),
(98, 115, '4B'),
(99, 115, '4B'),
(100, 115, '4C'),
(101, 115, '5B'),
(102, 115, '3E'),
(103, 115, '5A'),
(104, 115, '4C'),
(105, 115, '4C'),
(106, 115, '4C'),
(107, 115, '5B'),
(108, 115, '3D'),
(109, 115, '5B'),
(110, 115, '4B'),
(111, 115, '5B'),
(112, 115, '3D'),
(113, 115, '3D'),
(114, 115, '4C'),
(115, 115, '4C'),
(116, 115, '3D'),
(117, 115, '4B'),
(118, 115, '3E'),
(119, 115, '5A'),
(120, 115, '3E'),
(121, 115, '3E'),
(122, 115, '4B'),
(123, 115, '4C'),
(124, 115, '3D'),
(125, 115, '5A'),
(126, 115, '3E'),
(127, 115, '5B'),
(128, 115, '4B'),
(129, 115, '5B'),
(130, 115, '5B'),
(131, 115, '4B'),
(132, 115, '5B'),
(133, 115, '5A'),
(134, 115, '3D'),
(135, 115, '4C'),
(136, 115, '3E'),
(137, 115, '4C'),
(138, 115, '5B'),
(139, 115, '3D'),
(140, 115, '5B'),
(141, 115, '5B'),
(78, 116, '5B'),
(79, 116, '5B'),
(80, 116, '5A'),
(81, 116, '5B'),
(82, 116, '5B'),
(83, 116, '3E'),
(84, 116, '4C'),
(85, 116, '3D'),
(86, 116, '4B'),
(87, 116, '5B'),
(88, 116, '4B'),
(89, 116, '3D'),
(90, 116, '3E'),
(91, 116, '5A'),
(92, 116, '5A'),
(93, 116, '5B'),
(94, 116, '4B'),
(95, 116, '5B'),
(96, 116, '4B'),
(97, 116, '3E'),
(98, 116, '3E'),
(99, 116, '5B'),
(100, 116, '4C'),
(101, 116, '5B'),
(102, 116, '5A'),
(103, 116, '4B'),
(104, 116, '4B'),
(105, 116, '3E'),
(106, 116, '3E'),
(107, 116, '5A'),
(108, 116, '5B'),
(109, 116, '3D'),
(110, 116, '5A'),
(111, 116, '3D'),
(112, 116, '5B'),
(113, 116, '3D'),
(114, 116, '5A'),
(115, 116, '4B'),
(116, 116, '5B'),
(117, 116, '5B'),
(118, 116, '4C'),
(119, 116, '4B'),
(120, 116, '5B'),
(121, 116, '4B'),
(122, 116, '4B'),
(123, 116, '3E'),
(124, 116, '5A'),
(125, 116, '4C'),
(126, 116, '4C'),
(127, 116, '4B'),
(128, 116, '5A'),
(129, 116, '4B'),
(130, 116, '3E'),
(131, 116, '4C'),
(132, 116, '3D'),
(133, 116, '4C'),
(134, 116, '3D'),
(135, 116, '4B'),
(136, 116, '4B'),
(137, 116, '4B'),
(138, 116, '5B'),
(139, 116, '3E'),
(140, 116, '5A'),
(141, 116, '3E'),
(142, 23, '3E'),
(143, 23, '3E'),
(144, 23, '3D'),
(145, 23, '3D'),
(146, 23, '3E'),
(147, 23, '3D'),
(148, 23, '5A'),
(149, 23, '5A'),
(150, 23, '3D'),
(151, 23, '4B'),
(152, 23, '3E'),
(153, 23, '3E'),
(154, 23, '5B'),
(155, 23, '4C'),
(156, 23, '5B'),
(157, 23, '3E'),
(158, 23, '5B'),
(159, 23, '4B'),
(160, 23, '4C'),
(161, 23, '5A'),
(162, 23, '4C'),
(163, 23, '5A'),
(164, 23, '4B'),
(165, 23, '4C'),
(166, 23, '3D'),
(167, 23, '3D'),
(168, 23, '4C'),
(169, 23, '4B'),
(142, 24, '4B'),
(143, 24, '3E'),
(144, 24, '3E'),
(145, 24, '5A'),
(146, 24, '3E'),
(147, 24, '5A'),
(148, 24, '4C'),
(149, 24, '3D'),
(150, 24, '3E'),
(151, 24, '5B'),
(152, 24, '5B'),
(153, 24, '5A'),
(154, 24, '3E'),
(155, 24, '4C'),
(156, 24, '4B'),
(157, 24, '4C'),
(158, 24, '4C'),
(159, 24, '4B'),
(160, 24, '4C'),
(161, 24, '5B'),
(162, 24, '3E'),
(163, 24, '3D'),
(164, 24, '3E'),
(165, 24, '4B'),
(166, 24, '3D'),
(167, 24, '4C'),
(168, 24, '4C'),
(169, 24, '5B'),
(142, 25, '3E'),
(143, 25, '4C'),
(144, 25, '5B'),
(145, 25, '3D'),
(146, 25, '3D'),
(147, 25, '3E'),
(148, 25, '4B'),
(149, 25, '5A'),
(150, 25, '5A'),
(151, 25, '3D'),
(152, 25, '3D'),
(153, 25, '4B'),
(154, 25, '3D'),
(155, 25, '3D'),
(156, 25, '4B'),
(157, 25, '4C'),
(158, 25, '4B'),
(159, 25, '4C'),
(160, 25, '3D'),
(161, 25, '4B'),
(162, 25, '5A'),
(163, 25, '4C'),
(164, 25, '4C'),
(165, 25, '4B'),
(166, 25, '4C'),
(167, 25, '3E'),
(168, 25, '5A'),
(169, 25, '3D'),
(142, 26, '5A'),
(143, 26, '4B'),
(144, 26, '3D'),
(145, 26, '4B'),
(146, 26, '3E'),
(147, 26, '3D'),
(148, 26, '5A'),
(149, 26, '4C'),
(150, 26, '4B'),
(151, 26, '5B'),
(152, 26, '3E'),
(153, 26, '3D'),
(154, 26, '4B'),
(155, 26, '5A'),
(156, 26, '4C'),
(157, 26, '3E'),
(158, 26, '4C'),
(159, 26, '3E'),
(160, 26, '5B'),
(161, 26, '5A'),
(162, 26, '5A'),
(163, 26, '5A'),
(164, 26, '4C'),
(165, 26, '4B'),
(166, 26, '3E'),
(167, 26, '5A'),
(168, 26, '3E'),
(169, 26, '3E'),
(142, 27, '4B'),
(143, 27, '3D'),
(144, 27, '5A'),
(145, 27, '4C'),
(146, 27, '3E'),
(147, 27, '4C'),
(148, 27, '4C'),
(149, 27, '5A'),
(150, 27, '3D'),
(151, 27, '5A'),
(152, 27, '3E'),
(153, 27, '5A'),
(154, 27, '3E'),
(155, 27, '3E'),
(156, 27, '4C'),
(157, 27, '3D'),
(158, 27, '3E'),
(159, 27, '3D'),
(160, 27, '4B'),
(161, 27, '3D'),
(162, 27, '4C'),
(163, 27, '3D'),
(164, 27, '3D'),
(165, 27, '3D'),
(166, 27, '4C'),
(167, 27, '3E'),
(168, 27, '5B'),
(169, 27, '4C'),
(142, 28, '5B'),
(143, 28, '3E'),
(144, 28, '4C'),
(145, 28, '4C'),
(146, 28, '3E'),
(147, 28, '3E'),
(148, 28, '5B'),
(149, 28, '4B'),
(150, 28, '3E'),
(151, 28, '5A'),
(152, 28, '4B'),
(153, 28, '3D'),
(154, 28, '4B'),
(155, 28, '3D'),
(156, 28, '4C'),
(157, 28, '4B'),
(158, 28, '5A'),
(159, 28, '3E'),
(160, 28, '5A'),
(161, 28, '3E'),
(162, 28, '3D'),
(163, 28, '3E'),
(164, 28, '5A'),
(165, 28, '3E'),
(166, 28, '4B'),
(167, 28, '4C'),
(168, 28, '5B'),
(169, 28, '4C'),
(142, 29, '4B'),
(143, 29, '4B'),
(144, 29, '5B'),
(145, 29, '4B'),
(146, 29, '4B'),
(147, 29, '3D'),
(148, 29, '5A'),
(149, 29, '4C'),
(150, 29, '5A'),
(151, 29, '4C'),
(152, 29, '5A'),
(153, 29, '3D'),
(154, 29, '5B'),
(155, 29, '5A'),
(156, 29, '3E'),
(157, 29, '5B'),
(158, 29, '5A'),
(159, 29, '4B'),
(160, 29, '5A'),
(161, 29, '4B'),
(162, 29, '5B'),
(163, 29, '3E'),
(164, 29, '4B'),
(165, 29, '5B'),
(166, 29, '5A'),
(167, 29, '5B'),
(168, 29, '3E'),
(169, 29, '4C'),
(142, 30, '5A'),
(143, 30, '3E'),
(144, 30, '5B'),
(145, 30, '3D'),
(146, 30, '3E'),
(147, 30, '4B'),
(148, 30, '3E'),
(149, 30, '4C'),
(150, 30, '4B'),
(151, 30, '3E'),
(152, 30, '5B'),
(153, 30, '4B'),
(154, 30, '3D'),
(155, 30, '4C'),
(156, 30, '4B'),
(157, 30, '3D'),
(158, 30, '5A'),
(159, 30, '3E'),
(160, 30, '5B'),
(161, 30, '4B'),
(162, 30, '4C'),
(163, 30, '5B'),
(164, 30, '4C'),
(165, 30, '4C'),
(166, 30, '5B'),
(167, 30, '4C'),
(168, 30, '3D'),
(169, 30, '3E'),
(142, 31, '4B'),
(143, 31, '5A'),
(144, 31, '5A'),
(145, 31, '5A'),
(146, 31, '5A'),
(147, 31, '4B'),
(148, 31, '4B'),
(149, 31, '3E'),
(150, 31, '3E'),
(151, 31, '4B'),
(152, 31, '5B'),
(153, 31, '5B'),
(154, 31, '5A'),
(155, 31, '5A'),
(156, 31, '3D'),
(157, 31, '3D'),
(158, 31, '4B'),
(159, 31, '3E'),
(160, 31, '3D'),
(161, 31, '3E'),
(162, 31, '4B'),
(163, 31, '3E'),
(164, 31, '4C'),
(165, 31, '3D'),
(166, 31, '3D'),
(167, 31, '4C'),
(168, 31, '4B'),
(169, 31, '5A'),
(142, 32, '4B'),
(143, 32, '4C'),
(144, 32, '5A'),
(145, 32, '4B'),
(146, 32, '3D'),
(147, 32, '4B'),
(148, 32, '3E'),
(149, 32, '3E'),
(150, 32, '5B'),
(151, 32, '5A'),
(152, 32, '5A'),
(153, 32, '5A'),
(154, 32, '3E'),
(155, 32, '5A'),
(156, 32, '4B'),
(157, 32, '4C'),
(158, 32, '5B'),
(159, 32, '3E'),
(160, 32, '3E'),
(161, 32, '5A'),
(162, 32, '3D'),
(163, 32, '3E'),
(164, 32, '3E'),
(165, 32, '4B'),
(166, 32, '4B'),
(167, 32, '4B'),
(168, 32, '4C'),
(169, 32, '5B');

-- --------------------------------------------------------

--
-- Структура таблиці `groups`
--

CREATE TABLE IF NOT EXISTS `groups` (
  `group_id` int(10) NOT NULL AUTO_INCREMENT,
  `group_name` text,
  `specialty` text,
  PRIMARY KEY (`group_id`)
) ENGINE=InnoDB  DEFAULT CHARSET=utf8 AUTO_INCREMENT=21 ;

--
-- Дамп даних таблиці `groups`
--

INSERT INTO `groups` (`group_id`, `group_name`, `specialty`) VALUES
(1, 'И-20б (2010)', 'Информатика'),
(2, 'И-20а (2010)', 'Прикладная математика'),
(3, 'И-21а (2011)', 'Прикладная математика'),
(4, 'И-21б (2011)', 'Информатика'),
(5, 'И-22а (2012)', 'Прикладная математика'),
(6, 'И-22б (2012)', 'Информатика'),
(7, 'И-23а (2013)', 'Прикладная математика'),
(8, 'И-23б (2013)', 'Информатика'),
(9, 'И-29АМ (2009)', 'Прикладная математика'),
(10, 'И-29АС (2009)', 'Прикладная математика'),
(11, 'И-29БМ (2009)', 'Информатика'),
(12, 'И-29БС (2009)', 'Информатика'),
(13, 'И-29ВС (2009)', 'Системное проектирование'),
(16, 'И-28АМ (2008)', 'Прикладная математика'),
(17, 'И-28АС (2008)', 'Прикладная математика'),
(18, 'И-28БМ (2008)', 'Информатика'),
(19, 'И-28БС (2008)', 'Информатика'),
(20, 'И-28ВС (2008)', 'Системное проектирование');

-- --------------------------------------------------------

--
-- Структура таблиці `groups_modules`
--

CREATE TABLE IF NOT EXISTS `groups_modules` (
  `group_module_id` int(10) NOT NULL AUTO_INCREMENT,
  `group_id` int(10) DEFAULT NULL,
  `module_id` int(10) DEFAULT NULL,
  `dead_line` date DEFAULT NULL,
  PRIMARY KEY (`group_module_id`),
  KEY `groups_modules_fk1` (`group_id`),
  KEY `groups_modules_fk2` (`module_id`)
) ENGINE=InnoDB  DEFAULT CHARSET=utf8 AUTO_INCREMENT=170 ;

--
-- Дамп даних таблиці `groups_modules`
--

INSERT INTO `groups_modules` (`group_module_id`, `group_id`, `module_id`, `dead_line`) VALUES
(1, 1, 1, '2014-01-31'),
(2, 1, 2, '2014-01-31'),
(3, 1, 3, '2014-01-31'),
(4, 1, 4, '2014-01-31'),
(5, 1, 5, '2014-01-31'),
(6, 1, 6, '2014-01-31'),
(7, 1, 7, '2014-01-31'),
(8, 1, 8, '2014-01-31'),
(9, 1, 9, '2014-01-31'),
(10, 1, 10, '2014-01-31'),
(11, 1, 11, '2014-01-31'),
(12, 1, 12, '2014-01-31'),
(13, 1, 13, '2014-01-31'),
(14, 1, 14, '2014-01-31'),
(15, 1, 15, '2014-01-31'),
(16, 1, 16, '2014-01-31'),
(17, 1, 17, '2014-01-31'),
(18, 1, 18, '2014-01-31'),
(19, 1, 19, '2014-01-31'),
(20, 1, 20, '2014-01-31'),
(21, 1, 21, '2014-01-31'),
(22, 1, 22, '2014-01-31'),
(23, 1, 23, '2014-01-31'),
(24, 1, 24, '2014-01-31'),
(25, 1, 25, '2014-01-31'),
(26, 1, 26, '2014-01-31'),
(27, 1, 27, '2014-01-31'),
(28, 1, 28, '2014-01-31'),
(29, 1, 29, '2014-01-31'),
(30, 1, 30, '2014-01-31'),
(31, 1, 31, '2014-01-31'),
(32, 1, 32, '2014-01-31'),
(33, 1, 33, '2014-01-31'),
(34, 1, 34, '2014-01-31'),
(35, 1, 35, '2014-01-31'),
(36, 1, 36, '2014-01-31'),
(37, 1, 37, '2014-01-31'),
(38, 1, 38, '2014-01-31'),
(39, 1, 39, '2014-01-31'),
(40, 1, 40, '2014-01-31'),
(41, 1, 41, '2014-01-31'),
(42, 1, 42, '2014-01-31'),
(43, 1, 43, '2014-01-31'),
(44, 1, 44, '2014-01-31'),
(45, 1, 45, '2014-01-31'),
(46, 1, 46, '2014-01-31'),
(47, 1, 47, '2014-01-31'),
(48, 1, 48, '2014-01-31'),
(49, 1, 49, '2014-01-31'),
(50, 1, 50, '2014-01-31'),
(51, 1, 51, '2014-01-31'),
(52, 1, 52, '2014-01-31'),
(53, 1, 53, '2014-01-31'),
(54, 1, 54, '2014-01-31'),
(55, 1, 55, '2014-01-31'),
(56, 1, 56, '2014-01-31'),
(57, 1, 57, '2014-01-31'),
(58, 1, 58, '2014-01-31'),
(59, 1, 59, '2014-01-31'),
(60, 1, 60, '2014-01-31'),
(61, 1, 61, '2014-01-31'),
(62, 1, 62, '2014-01-31'),
(63, 1, 63, '2014-01-31'),
(64, 1, 64, '2014-01-31'),
(65, 1, 65, '2014-01-31'),
(66, 1, 66, '2014-01-31'),
(67, 1, 67, '2014-01-31'),
(68, 1, 68, '2014-01-31'),
(69, 1, 69, '2014-01-31'),
(70, 1, 70, '2014-01-31'),
(71, 1, 71, '2014-01-31'),
(72, 1, 72, '2014-01-31'),
(73, 1, 73, '2014-01-31'),
(74, 1, 74, '2014-01-31'),
(75, 1, 75, '2014-01-31'),
(76, 1, 76, '2014-01-31'),
(77, 1, 77, '2014-01-31'),
(78, 4, 1, '2014-01-31'),
(79, 4, 2, '2014-01-31'),
(80, 4, 3, '2014-01-31'),
(81, 4, 4, '2014-01-31'),
(82, 4, 5, '2014-01-31'),
(83, 4, 6, '2014-01-31'),
(84, 4, 7, '2014-01-31'),
(85, 4, 8, '2014-01-31'),
(86, 4, 9, '2014-01-31'),
(87, 4, 10, '2014-01-31'),
(88, 4, 11, '2014-01-31'),
(89, 4, 12, '2014-01-31'),
(90, 4, 13, '2014-01-31'),
(91, 4, 14, '2014-01-31'),
(92, 4, 15, '2014-01-31'),
(93, 4, 16, '2014-01-31'),
(94, 4, 17, '2014-01-31'),
(95, 4, 18, '2014-01-31'),
(96, 4, 19, '2014-01-31'),
(97, 4, 20, '2014-01-31'),
(98, 4, 21, '2014-01-31'),
(99, 4, 22, '2014-01-31'),
(100, 4, 23, '2014-01-31'),
(101, 4, 24, '2014-01-31'),
(102, 4, 25, '2014-01-31'),
(103, 4, 26, '2014-01-31'),
(104, 4, 27, '2014-01-31'),
(105, 4, 28, '2014-01-31'),
(106, 4, 29, '2014-01-31'),
(107, 4, 30, '2014-01-31'),
(108, 4, 31, '2014-01-31'),
(109, 4, 32, '2014-01-31'),
(110, 4, 33, '2014-01-31'),
(111, 4, 34, '2014-01-31'),
(112, 4, 35, '2014-01-31'),
(113, 4, 36, '2014-01-31'),
(114, 4, 37, '2014-01-31'),
(115, 4, 38, '2014-01-31'),
(116, 4, 39, '2014-01-31'),
(117, 4, 40, '2014-01-31'),
(118, 4, 41, '2014-01-31'),
(119, 4, 42, '2014-01-31'),
(120, 4, 43, '2014-01-31'),
(121, 4, 44, '2014-01-31'),
(122, 4, 54, '2014-01-31'),
(123, 4, 55, '2014-01-31'),
(124, 4, 56, '2014-01-31'),
(125, 4, 57, '2014-01-31'),
(126, 4, 58, '2014-01-31'),
(127, 4, 59, '2014-01-31'),
(128, 4, 60, '2014-01-31'),
(129, 4, 61, '2014-01-31'),
(130, 4, 62, '2014-01-31'),
(131, 4, 63, '2014-01-31'),
(132, 4, 64, '2014-01-31'),
(133, 4, 65, '2014-01-31'),
(134, 4, 66, '2014-01-31'),
(135, 4, 67, '2014-01-31'),
(136, 4, 68, '2014-01-31'),
(137, 4, 69, '2014-01-31'),
(138, 4, 70, '2014-01-31'),
(139, 4, 71, '2014-01-31'),
(140, 4, 72, '2014-01-31'),
(141, 4, 77, '2014-01-31'),
(142, 6, 1, '2014-01-31'),
(143, 6, 2, '2014-01-31'),
(144, 6, 3, '2014-01-31'),
(145, 6, 4, '2014-01-31'),
(146, 6, 5, '2014-01-31'),
(147, 6, 6, '2014-01-31'),
(148, 6, 7, '2014-01-31'),
(149, 6, 8, '2014-01-31'),
(150, 6, 9, '2014-01-31'),
(151, 6, 10, '2014-01-31'),
(152, 6, 11, '2014-01-31'),
(153, 6, 12, '2014-01-31'),
(154, 6, 13, '2014-01-31'),
(155, 6, 14, '2014-01-31'),
(156, 6, 15, '2014-01-31'),
(157, 6, 16, '2014-01-31'),
(158, 6, 17, '2014-01-31'),
(159, 6, 18, '2014-01-31'),
(160, 6, 19, '2014-01-31'),
(161, 6, 54, '2014-01-31'),
(162, 6, 55, '2014-01-31'),
(163, 6, 56, '2014-01-31'),
(164, 6, 57, '2014-01-31'),
(165, 6, 58, '2014-01-31'),
(166, 6, 59, '2014-01-31'),
(167, 6, 60, '2014-01-31'),
(168, 6, 61, '2014-01-31'),
(169, 6, 77, '2014-01-31');

-- --------------------------------------------------------

--
-- Структура таблиці `groups_subjects`
--

CREATE TABLE IF NOT EXISTS `groups_subjects` (
  `group_id` int(10) NOT NULL,
  `subject_id` int(10) NOT NULL,
  `semester` int(10) NOT NULL
) ENGINE=InnoDB DEFAULT CHARSET=utf8;

--
-- Дамп даних таблиці `groups_subjects`
--

INSERT INTO `groups_subjects` (`group_id`, `subject_id`, `semester`) VALUES
(1, 1, 7),
(1, 3, 3),
(1, 4, 7),
(1, 5, 7),
(1, 6, 7),
(1, 7, 7),
(1, 8, 1),
(1, 9, 1),
(1, 11, 2),
(1, 12, 2),
(1, 13, 3),
(1, 14, 3),
(1, 15, 4),
(1, 16, 4),
(1, 17, 4),
(1, 18, 4),
(1, 19, 4),
(1, 20, 4),
(1, 21, 5),
(1, 22, 5),
(1, 23, 5),
(1, 24, 5),
(1, 25, 5),
(1, 26, 6),
(1, 27, 6),
(1, 28, 6),
(1, 29, 6),
(1, 2, 1),
(1, 30, 2),
(4, 3, 3),
(4, 8, 1),
(4, 9, 1),
(4, 11, 2),
(4, 12, 2),
(4, 13, 3),
(4, 14, 3),
(4, 15, 4),
(4, 16, 4),
(4, 17, 4),
(4, 18, 4),
(4, 19, 4),
(4, 20, 4),
(4, 21, 5),
(4, 22, 5),
(4, 23, 5),
(4, 24, 5),
(4, 25, 5),
(4, 2, 1),
(4, 30, 2),
(6, 3, 3),
(6, 8, 1),
(6, 9, 1),
(6, 11, 2),
(6, 12, 2),
(6, 13, 3),
(6, 14, 3),
(6, 2, 1),
(6, 30, 2);

-- --------------------------------------------------------

--
-- Структура таблиці `lectors`
--

CREATE TABLE IF NOT EXISTS `lectors` (
  `lector_id` int(10) NOT NULL AUTO_INCREMENT,
  `lector_name` text,
  `lector_position` text,
  `lector_email` text,
  `lector_login` tinytext,
  `lector_password` tinytext,
  `role` int(11) DEFAULT NULL,
  PRIMARY KEY (`lector_id`)
) ENGINE=InnoDB  DEFAULT CHARSET=utf8 AUTO_INCREMENT=19 ;

--
-- Дамп даних таблиці `lectors`
--

INSERT INTO `lectors` (`lector_id`, `lector_name`, `lector_position`, `lector_email`, `lector_login`, `lector_password`, `role`) VALUES
(1, 'Корытко Юлия Николаевна', 'Кандидат технических наук', 'juliakorytko@gmail.com', 'julia_korytko', '', NULL),
(2, 'Асютин Алексей Дмитриевич', 'Ассистент', 'sutok85@gmail.com', 'AAsutin', '', NULL),
(3, 'Некрасова Мария Владимирона', 'Старший преподаватель', '', 'MNekrasova', '', NULL),
(4, 'Бреславский Дмитрий Васильевич', 'Доктор технических наук, декан факультета, заведующий кафедрой, профессор', 'brdm@kpi.kharkov.ua', 'brdm', '1', 2),
(5, 'Плаксий Юрий Андреевич', 'Исполняющий обязанности заведующего кафедрой, кандидат технических наук', NULL, NULL, NULL, NULL),
(6, 'Андреев Юрий Михайлович', 'Доктор технических наук, профессор', NULL, NULL, NULL, NULL),
(7, 'Успенский Валерий Борисович', 'Доктор технических наук, профессор', NULL, NULL, NULL, NULL),
(8, 'Шипулина Людмила Васильевна', 'Кандидат технических наук, доцент', NULL, NULL, NULL, NULL),
(9, 'Белов Александр Иванович', 'Кандидат технических наук, доцент', NULL, NULL, NULL, NULL),
(10, 'Багмут Иван Александрович', 'Кандидат технических наук, доцент', NULL, NULL, NULL, NULL),
(11, 'Татаринова Оксана Андреевна', 'Кандидат технических наук, доцент', NULL, NULL, NULL, NULL),
(12, 'Ольшанский Станислав Васильевич', 'Кандидат физико-математических наук, доцент', NULL, NULL, NULL, NULL),
(13, 'Галас Олег Сергеевич', 'Кандидат технических наук, младший научный сотрудник', NULL, NULL, NULL, NULL),
(14, 'Хацько Наталия Евгениевна', 'Ассистент', NULL, NULL, NULL, NULL),
(15, 'Наумов Иван Владимирович', 'Ассистент', NULL, NULL, NULL, NULL),
(17, 'Гудзенко Александр Валерьевич', 'Ассистент', NULL, NULL, NULL, NULL),
(18, 'Гризун Мария Николаевна', 'Ассистент', NULL, NULL, NULL, NULL);

-- --------------------------------------------------------

--
-- Структура таблиці `modules`
--

CREATE TABLE IF NOT EXISTS `modules` (
  `module_id` int(10) NOT NULL AUTO_INCREMENT,
  `module_name` text,
  `subject_id` int(10) DEFAULT NULL,
  PRIMARY KEY (`module_id`),
  KEY `modules_fk1` (`subject_id`)
) ENGINE=InnoDB  DEFAULT CHARSET=utf8 AUTO_INCREMENT=78 ;

--
-- Дамп даних таблиці `modules`
--

INSERT INTO `modules` (`module_id`, `module_name`, `subject_id`) VALUES
(1, 'Matlab - основы использования', 8),
(2, 'Программирование в Matlab', 8),
(3, 'Основы MathCad', 9),
(4, 'Теоретические методы программирования на языке С', 2),
(5, 'Практические методы программирования на языке С', 2),
(6, 'Модуль 1', 11),
(7, 'Модуль 2', 11),
(8, 'Модуль 1. Классы, перегрузки', 30),
(9, 'Модуль 2. Виртуальные функции', 30),
(10, 'Модуль 3. Курсовая работа', 30),
(11, 'Модуль 1. Элементарные булевы функции', 12),
(12, 'Модуль 2. Минимизация булевых функций', 12),
(13, 'Модуль 3. Теория алгоритмов', 12),
(14, 'Модуль 1', 13),
(15, 'Модуль 2', 13),
(16, 'Модуль 1. Случайные события', 3),
(17, 'Модуль 2. Случайные величины', 3),
(18, 'Модуль 1. Основные элементы графического интерфейса', 14),
(19, 'Модуль 2. Проектирование SOI-приложения', 14),
(20, 'Модуль 1. Булева алгебра', 15),
(21, 'Модуль 2. Теория графов', 15),
(22, 'Модуль 3. Курсовая работа', 15),
(23, 'Модуль 1. Основы компьютерных сетей', 16),
(24, 'Модуль 2. Проектирование и администрирование компьютерных сетей', 16),
(25, 'Модуль 1. Моделирование динамических систем', 17),
(26, 'Модуль 2. Моделирование электро-технических систем', 17),
(27, 'Модуль 1. Случайные величины и их системы', 18),
(28, 'Модуль 2. Математическая статистика', 18),
(29, 'Модуль 3. Курсовая работа', 18),
(30, 'Модуль 1. Основы теории функций комплексной переменной', 19),
(31, 'Модуль 2. Вариационное исчисление', 19),
(32, 'Модуль 1. Интерполяционные методы', 20),
(33, 'Модуль 2. Методы дифференцирования и интегрирования', 20),
(34, 'Модуль 1. HTML документы', 21),
(35, 'Модуль 2. Основы Web-дизайна', 21),
(36, 'Модуль 1. Методы решения задач Коши', 22),
(37, 'Модуль 2. Методы решения краевых задач', 22),
(38, 'Модуль 1. Графический проект, диаграммы классов, структурные диаграммы', 23),
(39, 'Модуль 2. Поведенческие диаграммы', 23),
(40, 'Модуль 1', 24),
(41, 'Модуль 2', 24),
(42, 'Модуль 3', 24),
(43, 'Модуль 1. Линейные цепи', 25),
(44, 'Модуль 2. Импульсные устройства', 25),
(45, 'Модуль 1', 26),
(46, 'Модуль 2', 26),
(47, 'Модуль 3', 26),
(48, 'Модуль 1. Основы математического моделирования', 27),
(49, 'Модуль 2. Основы системного анализа', 27),
(50, 'Модуль 1. Линейный регрессионный анализ', 28),
(51, 'Модуль 2. Множественный регрессионный анализ', 28),
(52, 'Модуль 1', 29),
(53, 'Модуль 2', 29),
(54, 'Итоговая оценка', 2),
(55, 'Итоговая оценка', 3),
(56, 'Итоговая оценка', 8),
(57, 'Итоговая оценка', 9),
(58, 'Итоговая оценка', 11),
(59, 'Итоговая оценка', 12),
(60, 'Итоговая оценка', 13),
(61, 'Итоговая оценка', 14),
(62, 'Итоговая оценка', 15),
(63, 'Итоговая оценка', 16),
(64, 'Итоговая оценка', 17),
(65, 'Итоговая оценка', 18),
(66, 'Итоговая оценка', 19),
(67, 'Итоговая оценка', 20),
(68, 'Итоговая оценка', 21),
(69, 'Итоговая оценка', 22),
(70, 'Итоговая оценка', 23),
(71, 'Итоговая оценка', 24),
(72, 'Итоговая оценка', 25),
(73, 'Итоговая оценка', 26),
(74, 'Итоговая оценка', 27),
(75, 'Итоговая оценка', 28),
(76, 'Итоговая оценка', 29),
(77, 'Итоговая оценка', 30);

-- --------------------------------------------------------

--
-- Структура таблиці `students`
--

CREATE TABLE IF NOT EXISTS `students` (
  `student_id` int(10) NOT NULL AUTO_INCREMENT,
  `student_name` text,
  `student_notes` text,
  `student_email` text,
  `parent_email` text NOT NULL,
  `group_id` int(10) DEFAULT NULL,
  PRIMARY KEY (`student_id`),
  KEY `students_fk1` (`group_id`)
) ENGINE=InnoDB  DEFAULT CHARSET=utf8 AUTO_INCREMENT=117 ;

--
-- Дамп даних таблиці `students`
--

INSERT INTO `students` (`student_id`, `student_name`, `student_notes`, `student_email`, `parent_email`, `group_id`) VALUES
(1, 'Ваколюк Яков Владимирович', 'Профорг группы', 'y.vakolyuk@profkom-khpi.org', '', 1),
(2, 'Дачко Оксана Анатольевна', NULL, 'shusterman1@yandex.ru', '', 1),
(3, 'Лемишенко Олег Александрович', 'Староста группы', 'leplushin@gmail.com', '', 1),
(4, 'Рожовецкий Евгений Олегович', NULL, 'reg.dfe1@gmail.com', '', 1),
(5, 'Снопов Дмитрий Евгеньевич', NULL, 'snopovdm@gmail.com', '', 1),
(6, 'Сирик Максим Владимирович', NULL, 'maxim.sirik@gmail.com', '', 1),
(7, 'Торба Федор Иванович', NULL, 'fed.tor.kirzone@gmail.com', '', 1),
(8, 'Щербина Максим Александрович', NULL, 'big-max93@mail.ru', '', 1),
(9, 'Быковский Андрей Владимирович', NULL, 'andrewjdanov@mail.ru\r\n', '', 5),
(10, 'Лимаренко Ольга Владимировна', NULL, 'write_s_angel@mail.ru\r\n', '', 5),
(11, 'Марданов Дмитрий Сергеевич', NULL, 'antanta231@mail.ru\r\n', '', 5),
(12, 'Науменко Сергей Владимирович', NULL, 's.naumenko@profkom-khpi.org', '', 5),
(13, 'Негребецкий Роман Вячеславович', NULL, NULL, '', 5),
(14, 'Омельчук Карина Владиславовна', NULL, NULL, '', 5),
(15, 'Поливанный Сергей Сергеевич', NULL, 'megamenlite@mail.ru\r\n', '', 5),
(16, 'Резцов Виталий Олегович', NULL, 'vitaliy-reztsov@ukr.net\r\n', '', 5),
(17, 'Рыжова Ксения Костянтиновна', NULL, 'ksyha-_1995@mail.ru\r\n', '', 5),
(18, 'Слипенчук Ирина Александровна', NULL, '2859510@mail.ru', '', 5),
(19, 'Федорчак Алексей Юрьевич', NULL, 'ylmar_vor@mail.ru', '', 5),
(20, 'Федорченко Владислав Андреевич', NULL, NULL, '', 5),
(21, 'Шило Андрей Владимирович', NULL, 'spawn272@spaces.ru', '', 5),
(22, 'Яранцева Карина Всеволодовна', NULL, 'karrinesa@mail.ru', '', 5),
(23, 'Головач Ирина Александровна', NULL, NULL, '', 6),
(24, 'Дрозд Анна Анатольевна', NULL, NULL, '', 6),
(25, 'Ермаков Даниель Александрович', NULL, 'dan-ermakov@rambler.ru', '', 6),
(26, 'Игнатьев Ярослав Витальевич', NULL, 'jar2010@mail.ru', '', 6),
(27, 'Кириченко Ирина Юрьевна', NULL, NULL, '', 6),
(28, 'Коновалов Николай Владимирович', NULL, 'konovalow@i.ua', '', 6),
(29, 'Кравченко Елена Александровна', NULL, 'elena_kravchenko_1993@mail.ru', '', 6),
(30, 'Романов Геннадий Владимирович', NULL, 'roscarius@gmail.com', '', 6),
(31, 'Сало Дмитрий Александрович', NULL, 'dmitriyavanti@gmail.com', '', 6),
(32, 'Сушко Александр Мкасимович', NULL, 'hohol-x@ukr.net', '', 6),
(33, 'Илюха Илья Олегович', NULL, NULL, '', 2),
(34, 'Коротун Лилия Александровна', NULL, NULL, '', 2),
(35, 'Мартынюк Дмитрий Александрович', NULL, NULL, '', 2),
(36, 'Носач Александр Андреевич', NULL, NULL, '', 2),
(37, 'Носач Евгений Андреевич', NULL, NULL, '', 2),
(38, 'Сахно Владислав Николаевич', NULL, NULL, '', 2),
(39, 'Чешко Ксения Федоровна', NULL, NULL, '', 2),
(40, 'Диденко Дмитрий Виталиевич', NULL, NULL, '', 2),
(41, 'Хабюк Антон Сергеевич', NULL, NULL, '', 2),
(42, 'Бакулев Владислав Валерьевич', NULL, NULL, '', 9),
(43, 'Боса Любовь Николаевна', NULL, NULL, '', 9),
(44, 'Бугаенко Артем Евгеньевич', NULL, NULL, '', 9),
(45, 'Заикина Юлия Александровна', NULL, NULL, '', 9),
(46, 'Клименко Альона Павловна', NULL, NULL, '', 9),
(47, 'Пащенко Сергей Александрович', NULL, NULL, '', 9),
(48, 'Подрез Анна Вячеславовна', NULL, NULL, '', 9),
(49, 'Таран Алексей Григорьевич', NULL, NULL, '', 9),
(50, 'Васильева Наталья Юрьевна', NULL, NULL, '', 10),
(51, 'Красильный Александр Александрович', NULL, NULL, '', 10),
(52, 'Крючкова Дарья Дмитриевна', NULL, NULL, '', 10),
(53, 'Луценко Алина Андреевна', NULL, NULL, '', 10),
(54, 'Паньова Юлианна Сергеевна', NULL, NULL, '', 10),
(55, 'Сарай Анастасия Станиславовна', NULL, NULL, '', 10),
(56, 'Бурлай Виктор Игоревич', NULL, NULL, '', 11),
(57, 'Гладышев Евгений Геннадиевич', NULL, NULL, '', 11),
(58, 'Хорошун Андрей Сергеевич', NULL, NULL, '', 11),
(59, 'Ярошенко Диана Анатольевна', NULL, NULL, '', 11),
(60, 'Лобова Анастасия Павловна', NULL, NULL, '', 12),
(61, 'Найдин Максим Александрович', NULL, NULL, '', 12),
(62, 'Берус Станислав Викторович', NULL, NULL, '', 13),
(63, 'Будилко Александр Андреевич', NULL, NULL, '', 13),
(64, 'Демешко Дмитрий Владимирович', NULL, NULL, '', 13),
(65, 'Ененко Максим Игоревич', NULL, NULL, '', 13),
(66, 'Иванова Людмила Игоревна', NULL, NULL, '', 13),
(67, 'Малашта Максим Викторович', NULL, NULL, '', 13),
(68, 'Сивачинский Дмитрий Иванович', NULL, NULL, '', 13),
(69, 'Флорикян Карен Рубенович', NULL, NULL, '', 13),
(70, 'Шаталов Петр Николаевич', NULL, NULL, '', 13),
(71, 'Шелудченков Виталий Игоревич', NULL, NULL, '', 13),
(72, 'Басов Александр Сергеевич', NULL, NULL, '', 16),
(73, 'Дзюба Александр Петрович', NULL, NULL, '', 16),
(74, 'Заплавский Евгений Олегович', NULL, NULL, '', 16),
(75, 'Зягун Григорий Юрьевич', NULL, NULL, '', 16),
(76, 'Лазарев Михаил Юрьевич', NULL, NULL, '', 16),
(77, 'Леонова Наталья Валерьевна', NULL, NULL, '', 16),
(78, 'Оприщенко Иван Анатольевич', NULL, NULL, '', 16),
(79, 'Шевченко Татьяна Михайловна', NULL, NULL, '', 16),
(80, 'Гончаренко Евгений Костянтинович', NULL, NULL, '', 17),
(81, 'Карвасовский Радион Максимович', NULL, NULL, '', 17),
(82, 'Кухарчук Андрей Андреевич', NULL, NULL, '', 17),
(83, 'Савченко Александр Сергеевич', NULL, NULL, '', 17),
(84, 'Сасин Денис Николаевич', NULL, NULL, '', 17),
(85, 'Чаленко Максим Николаевич', NULL, NULL, '', 17),
(86, 'Черкашин Евгений Игоревич', NULL, NULL, '', 17),
(87, 'Шкарлат Владислав Алексеевич', NULL, NULL, '', 17),
(88, 'Бобков Андрей Александрович', NULL, NULL, '', 18),
(89, 'Грабар Дмитрий Юрьевич', NULL, NULL, '', 18),
(90, 'Дегтярьов Евгений Олегович', NULL, NULL, '', 18),
(91, 'Дмух Наталья Викторовна', NULL, NULL, '', 18),
(92, 'Меркулов Вячеслав Андреевич', NULL, NULL, '', 18),
(93, 'Михненко Ирина Тарасовна', NULL, NULL, '', 18),
(94, 'Бойко Святослав Владимирович', NULL, NULL, '', 19),
(95, 'Михалицкая Оксана Леонидовна', NULL, NULL, '', 19),
(96, 'Брагин Александр Александрович', NULL, NULL, '', 20),
(97, 'Бубись Наталья Ярославовна', NULL, NULL, '', 20),
(98, 'Долгополова Анастасия Юрьевна', NULL, NULL, '', 20),
(99, 'Кутковская Анастасия Владимировна', NULL, NULL, '', 20),
(100, 'Павлюк Виталий Андреевич', NULL, NULL, '', 20),
(101, 'Полякова Наталья Владимировна', NULL, NULL, '', 20),
(102, 'Сушилов Станислав Валерьевич', NULL, NULL, '', 20),
(103, 'Титаренко Татьяна Алексеевна', NULL, NULL, '', 20),
(104, 'Витовский Антон Юрьевич', NULL, NULL, '', 3),
(105, 'Гресько Вячеслав Николаевич', NULL, NULL, '', 3),
(106, 'Козачок Алина Евгеньевна', NULL, NULL, '', 3),
(107, 'Легач Александр Юрьевич', NULL, NULL, '', 3),
(108, 'Несмиян Ксения Сергеевна', NULL, NULL, '', 3),
(109, 'Пятикоп Анастасия Александровна', NULL, NULL, '', 3),
(110, 'Яценко Вита Юрьевна', NULL, NULL, '', 3),
(111, 'Батюк Олег Анатольевич', NULL, NULL, '', 4),
(112, 'Одарченко Георгий Сергеевич', NULL, NULL, '', 4),
(113, 'Хечоян Арсений Врежикович', NULL, NULL, '', 4),
(114, 'Чакаров Сократ Дмитриевич', NULL, NULL, '', 4),
(115, 'Шевченко Александр Юрьевич', NULL, NULL, '', 4),
(116, 'Сергиенко Игорь Юрьевич', NULL, NULL, '', 4);

-- --------------------------------------------------------

--
-- Структура таблиці `subjects`
--

CREATE TABLE IF NOT EXISTS `subjects` (
  `subject_id` int(10) NOT NULL AUTO_INCREMENT,
  `subject_title` text,
  `subject_credits` int(11) DEFAULT NULL,
  `lector_id` int(10) DEFAULT NULL,
  PRIMARY KEY (`subject_id`),
  KEY `subjects_fk1` (`lector_id`)
) ENGINE=InnoDB  DEFAULT CHARSET=utf8 AUTO_INCREMENT=31 ;

--
-- Дамп даних таблиці `subjects`
--

INSERT INTO `subjects` (`subject_id`, `subject_title`, `subject_credits`, `lector_id`) VALUES
(1, 'Теория программирования', 6, 1),
(2, 'Программирование', 6, 4),
(3, 'Теория вероятностей', 2, 3),
(4, 'Теория кодирования', 2, 3),
(5, 'Операционные системы и системное программирование', 4, 10),
(6, 'Методы оптимизации', 2, 5),
(7, 'Исследование операций', 2, 7),
(8, 'Программное обеспечение вычислительных систем', 4, 3),
(9, 'Вступление в специальность', 2, 12),
(11, 'Архитектура вычислительных систем', 4, 15),
(12, 'Математическая логика и теория алгоритмов', 6, 9),
(13, 'Алгоритмы и структуры данных', 4, 10),
(14, 'ООП', 6, 10),
(15, 'Дискретная математика', 6, 11),
(16, 'Компьютерные сети', 2, 15),
(17, 'Моделирование динамических и электро-технических систем', 5, 6),
(18, 'Теория вероятностей и математическая статистика', 3, 3),
(19, 'Математические основы теории управления', 4, 11),
(20, 'Вычислительные методы', 4, 14),
(21, 'Основы Internet-технологий', 3, 6),
(22, 'Вычислительные методы', 4, 11),
(23, 'Технологии программирования', 4, 14),
(24, 'Теория управления', 4, 7),
(25, 'Импульсная техника', 4, 9),
(26, 'Базы данных и информационные системы', 6, 10),
(27, 'Основы математического моделирования и системного анализа', 4, 12),
(28, 'Анализ данных', 4, 12),
(29, 'Методы оптимизации', 5, 5),
(30, 'Программирование', 5, 1);

--
-- Обмеження зовнішнього ключа збережених таблиць
--

--
-- Обмеження зовнішнього ключа таблиці `grades`
--
ALTER TABLE `grades`
  ADD CONSTRAINT `grades_fk1` FOREIGN KEY (`group_module_id`) REFERENCES `groups_modules` (`group_module_id`),
  ADD CONSTRAINT `grades_fk2` FOREIGN KEY (`student_id`) REFERENCES `students` (`student_id`);

--
-- Обмеження зовнішнього ключа таблиці `groups_modules`
--
ALTER TABLE `groups_modules`
  ADD CONSTRAINT `groups_modules_fk1` FOREIGN KEY (`group_id`) REFERENCES `groups` (`group_id`),
  ADD CONSTRAINT `groups_modules_fk2` FOREIGN KEY (`module_id`) REFERENCES `modules` (`module_id`);

--
-- Обмеження зовнішнього ключа таблиці `modules`
--
ALTER TABLE `modules`
  ADD CONSTRAINT `modules_fk1` FOREIGN KEY (`subject_id`) REFERENCES `subjects` (`subject_id`);

--
-- Обмеження зовнішнього ключа таблиці `students`
--
ALTER TABLE `students`
  ADD CONSTRAINT `students_fk1` FOREIGN KEY (`group_id`) REFERENCES `groups` (`group_id`);

--
-- Обмеження зовнішнього ключа таблиці `subjects`
--
ALTER TABLE `subjects`
  ADD CONSTRAINT `subjects_fk1` FOREIGN KEY (`lector_id`) REFERENCES `lectors` (`lector_id`);

/*!40101 SET CHARACTER_SET_CLIENT=@OLD_CHARACTER_SET_CLIENT */;
/*!40101 SET CHARACTER_SET_RESULTS=@OLD_CHARACTER_SET_RESULTS */;
/*!40101 SET COLLATION_CONNECTION=@OLD_COLLATION_CONNECTION */;
